{
  "openapi": "3.0.0",
  "info": {
    "title": "Car rent application",
    "description": "A car rent app",
    "version": "1.0.0",
    "contact": {
      "email": "marcosxx1.ma@gmail.com"
    }
  },
  "paths": {
    "/categories": {
      "post": {
        "tags": [
          "Category"
        ],
        "sumary": "Create a categorys",
        "description": "Create a new category",
        "requestBody": {
          "content": {
            "application/json": {
              "schema": {
                "type": "object",
                "properties": {
                  "name": {
                    "type": "string"
                  },
                  "description": {
                    "type": "string"
                  }
                },
                "example": {
                  "name": "category name sample",
                  "description": "Category description sample"
                }
              }
            }
          }
        },
        "responses": {
          "201": {
            "description": "Created"
          },
          "500": {
            "description": "Category already exists"
          }
        }
      },
      "get": {
        "tags": [
          "Category"
        ],
        "sumary": "List all categories",
        "description": "List all categories",
        "responses": {
          "200": {
            "description": "Success",
            "content": {
              "application/json": {
                "schema": {
                  "type": "array",
                  "items": {
                    "type": "object",
                    "properties": {
                      "name": {
                        "type": "string"
                      },
                      "description": {
                        "type": "string"
                      }
                    }
                  }
                }
              }
            }
          }
        }
      }
    },
    "/categories/import": {
      "post": {
        "tags": [
          "Category"
        ],
        "sumary": "Upload a new category",
        "description": "Upload a new Category",
        "requestBody": {
          "content": {
            "multipart/form-data": {
              "schema": {
                "type": "object",
                "properties": {
                  "file": {
                    "type": "string",
                    "format": "binary"
                  }
                }
              }
            }
          }
        }
      }
    },
    "/specifications": {
      "post": {
        "tags": [
          "Specifications"
        ],
        "sumary": "Create a specification",
        "description": "Create a new specification",
        "requestBody": {
          "content": {
            "application/json": {
              "schema": {
                "$ref": "#/definitions/Specification"
              }
            }
          }
        },
        "responses": {
          "201": {
            "description": "Created"
          },
          "500": {
            "description": "Specification already exists"
          }
        }
      }
    }
  },
  "definitions": {
    "Specification": {
      "type": "object",
      "properties": {
        "name": {
          "type": "string"
        },
        "description": {
          "type": "string"
        }
      }
    }
  }
}